{"cameraMode":{"drawMode":0,"name":"Shaded","section":"Shading Mode"},"sceneLighting":false,"audioPlay":false,"sceneViewState":{"showFog":false,"showMaterialUpdate":false,"showSkybox":false,"showFlares":false,"showImageEffects":false,"showParticleSystems":false},"in2DMode":false,"pivot":{"x":1.1866950988769532,"y":1.4177007675170899,"z":9.116951942443848},"rotation":{"x":0.26604530215263369,"y":0.4368060827255249,"z":-0.13698790967464448,"w":0.8483248949050903},"size":7.468695640563965,"orthographic":true}