{"cameraMode":{"drawMode":0,"name":"Shaded","section":"Shading Mode"},"sceneLighting":false,"audioPlay":false,"sceneViewState":{"showFog":false,"showMaterialUpdate":false,"showSkybox":false,"showFlares":false,"showImageEffects":false,"showParticleSystems":false},"in2DMode":false,"pivot":{"x":10.592201232910157,"y":-0.018388301134109498,"z":-35.79259490966797},"rotation":{"x":0.19451867043972016,"y":0.6975498795509338,"z":-0.20618246495723725,"w":0.6580871343612671},"size":20.12593650817871,"orthographic":true}