{"cameraMode":{"drawMode":0,"name":"Shaded","section":"Shading Mode"},"sceneLighting":false,"audioPlay":false,"sceneViewState":{"showFog":false,"showMaterialUpdate":false,"showSkybox":false,"showFlares":false,"showImageEffects":false,"showParticleSystems":false},"in2DMode":false,"pivot":{"x":-27.27471923828125,"y":0.36996990442276,"z":-32.117252349853519},"rotation":{"x":0.31651103496551516,"y":0.6311749219894409,"z":-0.31499630212783816,"w":0.634209394454956},"size":18.265317916870118,"orthographic":true}