{"cameraMode":{"drawMode":0,"name":"Shaded","section":"Shading Mode"},"sceneLighting":false,"audioPlay":false,"sceneViewState":{"showFog":false,"showMaterialUpdate":false,"showSkybox":false,"showFlares":false,"showImageEffects":false,"showParticleSystems":false},"in2DMode":false,"pivot":{"x":-0.006471822038292885,"y":0.0035660939756780864,"z":0.00006103515625},"rotation":{"x":0.21306617558002473,"y":0.5512630343437195,"z":-0.14812442660331727,"w":0.7929508090019226},"size":0.3271733820438385,"orthographic":true}