{"cameraMode":{"drawMode":0,"name":"Shaded","section":"Shading Mode"},"sceneLighting":false,"audioPlay":false,"sceneViewState":{"showFog":false,"showMaterialUpdate":false,"showSkybox":false,"showFlares":false,"showImageEffects":false,"showParticleSystems":false},"in2DMode":false,"pivot":{"x":-22.19375228881836,"y":0.3717811405658722,"z":-34.882015228271487},"rotation":{"x":0.19451867043972016,"y":0.6975498795509338,"z":-0.20618246495723725,"w":0.6580871343612671},"size":12.38654613494873,"orthographic":true}