{"cameraMode":{"drawMode":0,"name":"Shaded","section":"Shading Mode"},"sceneLighting":false,"audioPlay":false,"sceneViewState":{"showFog":false,"showMaterialUpdate":false,"showSkybox":false,"showFlares":false,"showImageEffects":false,"showParticleSystems":false},"in2DMode":false,"pivot":{"x":-4.1609296798706059,"y":1.071319580078125,"z":13.624043464660645},"rotation":{"x":0.31651103496551516,"y":0.6311749219894409,"z":-0.31499630212783816,"w":0.634209394454956},"size":5.885884761810303,"orthographic":true}