{"cameraMode":{"drawMode":0,"name":"Shaded","section":"Shading Mode"},"sceneLighting":false,"audioPlay":false,"sceneViewState":{"showFog":false,"showMaterialUpdate":false,"showSkybox":false,"showFlares":false,"showImageEffects":false,"showParticleSystems":false},"in2DMode":false,"pivot":{"x":-19.51065444946289,"y":0.527999997138977,"z":19.134830474853517},"rotation":{"x":0.31651103496551516,"y":0.6311749219894409,"z":-0.31499630212783816,"w":0.634209394454956},"size":5.525892734527588,"orthographic":true}