{"cameraMode":{"drawMode":0,"name":"Shaded","section":"Shading Mode"},"sceneLighting":false,"audioPlay":false,"sceneViewState":{"showFog":false,"showMaterialUpdate":false,"showSkybox":false,"showFlares":false,"showImageEffects":false,"showParticleSystems":false},"in2DMode":false,"pivot":{"x":-8.08017635345459,"y":0.341391921043396,"z":13.143830299377442},"rotation":{"x":0.26223599910736086,"y":0.5583316087722778,"z":-0.19180220365524293,"w":0.7633578777313232},"size":3.552297353744507,"orthographic":true}