{"cameraMode":{"drawMode":0,"name":"Shaded","section":"Shading Mode"},"sceneLighting":false,"audioPlay":false,"sceneViewState":{"showFog":false,"showMaterialUpdate":false,"showSkybox":false,"showFlares":false,"showImageEffects":false,"showParticleSystems":false},"in2DMode":false,"pivot":{"x":-5.587678909301758,"y":0.514293909072876,"z":5.783839225769043},"rotation":{"x":0.3151893615722656,"y":0.42805007100105288,"z":-0.1622919738292694,"w":0.8313198089599609},"size":5.905004501342773,"orthographic":true}