{"cameraMode":{"drawMode":0,"name":"Shaded","section":"Shading Mode"},"sceneLighting":false,"audioPlay":false,"sceneViewState":{"showFog":false,"showMaterialUpdate":false,"showSkybox":false,"showFlares":false,"showImageEffects":false,"showParticleSystems":false},"in2DMode":false,"pivot":{"x":24.5986328125,"y":1.5178450345993043,"z":-18.103208541870118},"rotation":{"x":0.04342774674296379,"y":0.05182567983865738,"z":-0.0022558621130883695,"w":0.9977089166641235},"size":28.009105682373048,"orthographic":true}