{"cameraMode":{"drawMode":0,"name":"Shaded","section":"Shading Mode"},"sceneLighting":false,"audioPlay":false,"sceneViewState":{"showFog":false,"showMaterialUpdate":false,"showSkybox":false,"showFlares":false,"showImageEffects":false,"showParticleSystems":false},"in2DMode":false,"pivot":{"x":-2.987548828125,"y":2.28369140625,"z":9.0341796875},"rotation":{"x":0.30013230443000796,"y":-0.057189781218767169,"z":0.018030039966106416,"w":0.952013373374939},"size":24.86187744140625,"orthographic":true}