{"cameraMode":{"drawMode":0,"name":"Shaded","section":"Shading Mode"},"sceneLighting":false,"audioPlay":false,"sceneViewState":{"showFog":false,"showMaterialUpdate":false,"showSkybox":false,"showFlares":false,"showImageEffects":false,"showParticleSystems":false},"in2DMode":false,"pivot":{"x":-5.5350799560546879,"y":0.5952855348587036,"z":3.3043363094329836},"rotation":{"x":0.09345964342355728,"y":0.9025508165359497,"z":-0.24920320510864259,"w":0.338482528924942},"size":3.264063835144043,"orthographic":true}