{"cameraMode":{"drawMode":0,"name":"Shaded","section":"Shading Mode"},"sceneLighting":false,"audioPlay":false,"sceneViewState":{"showFog":false,"showMaterialUpdate":false,"showSkybox":false,"showFlares":false,"showImageEffects":false,"showParticleSystems":false},"in2DMode":false,"pivot":{"x":10.46782112121582,"y":0.21037709712982179,"z":10.318286895751954},"rotation":{"x":-0.5135802626609802,"y":-0.40729019045829775,"z":0.3022368550300598,"w":-0.6921072006225586},"size":3.6548211574554445,"orthographic":true}