{"cameraMode":{"drawMode":0,"name":"Shaded","section":"Shading Mode"},"sceneLighting":false,"audioPlay":false,"sceneViewState":{"showFog":false,"showMaterialUpdate":false,"showSkybox":false,"showFlares":false,"showImageEffects":false,"showParticleSystems":false},"in2DMode":false,"pivot":{"x":-4.651062965393066,"y":0.3525000214576721,"z":9.539236068725586},"rotation":{"x":0.3151893615722656,"y":0.42805007100105288,"z":-0.1622919738292694,"w":0.8313198089599609},"size":7.098781585693359,"orthographic":true}