{"cameraMode":{"drawMode":0,"name":"Shaded","section":"Shading Mode"},"sceneLighting":false,"audioPlay":false,"sceneViewState":{"showFog":false,"showMaterialUpdate":false,"showSkybox":false,"showFlares":false,"showImageEffects":false,"showParticleSystems":false},"in2DMode":false,"pivot":{"x":-39.09299087524414,"y":3.3827390670776369,"z":44.54621124267578},"rotation":{"x":0.16134725511074067,"y":0.6617836356163025,"z":-0.1489589810371399,"w":0.7168164253234863},"size":6.25545597076416,"orthographic":true}