{"cameraMode":{"drawMode":0,"name":"Shaded","section":"Shading Mode"},"sceneLighting":false,"audioPlay":false,"sceneViewState":{"showFog":false,"showMaterialUpdate":false,"showSkybox":false,"showFlares":false,"showImageEffects":false,"showParticleSystems":false},"in2DMode":false,"pivot":{"x":-17.687347412109376,"y":0.9694663882255554,"z":-13.919118881225586},"rotation":{"x":0.19451867043972016,"y":0.6975498795509338,"z":-0.20618246495723725,"w":0.6580871343612671},"size":8.995856285095215,"orthographic":true}