{"cameraMode":{"drawMode":0,"name":"Shaded","section":"Shading Mode"},"sceneLighting":false,"audioPlay":false,"sceneViewState":{"showFog":false,"showMaterialUpdate":false,"showSkybox":false,"showFlares":false,"showImageEffects":false,"showParticleSystems":false},"in2DMode":false,"pivot":{"x":35.540000915527347,"y":0.7492337226867676,"z":-25.31999969482422},"rotation":{"x":0.3151893615722656,"y":0.42805007100105288,"z":-0.1622919738292694,"w":0.8313198089599609},"size":4.734111309051514,"orthographic":true}