{"cameraMode":{"drawMode":0,"name":"Shaded","section":"Shading Mode"},"sceneLighting":false,"audioPlay":false,"sceneViewState":{"showFog":false,"showMaterialUpdate":false,"showSkybox":false,"showFlares":false,"showImageEffects":false,"showParticleSystems":false},"in2DMode":false,"pivot":{"x":22.61428451538086,"y":3.3049778938293459,"z":24.184463500976564},"rotation":{"x":0.4032152593135834,"y":-0.16464030742645265,"z":0.07399793714284897,"w":0.8971261382102966},"size":92.12943267822266,"orthographic":false}