{"cameraMode":{"drawMode":0,"name":"Shaded","section":"Shading Mode"},"sceneLighting":false,"audioPlay":false,"sceneViewState":{"showFog":false,"showMaterialUpdate":false,"showSkybox":false,"showFlares":false,"showImageEffects":false,"showParticleSystems":false},"in2DMode":false,"pivot":{"x":-34.79340362548828,"y":4.153723239898682,"z":-32.196468353271487},"rotation":{"x":0.3151893615722656,"y":0.42805007100105288,"z":-0.1622919738292694,"w":0.8313198089599609},"size":34.9575309753418,"orthographic":true}