{"cameraMode":{"drawMode":0,"name":"Shaded","section":"Shading Mode"},"sceneLighting":false,"audioPlay":false,"sceneViewState":{"showFog":false,"showMaterialUpdate":false,"showSkybox":false,"showFlares":false,"showImageEffects":false,"showParticleSystems":false},"in2DMode":false,"pivot":{"x":26.980485916137697,"y":-0.03000020980834961,"z":-18.61666488647461},"rotation":{"x":0.31651103496551516,"y":0.6311749219894409,"z":-0.31499630212783816,"w":0.634209394454956},"size":33.454261779785159,"orthographic":true}