{"cameraMode":{"drawMode":0,"name":"Shaded","section":"Shading Mode"},"sceneLighting":false,"audioPlay":false,"sceneViewState":{"showFog":false,"showMaterialUpdate":false,"showSkybox":false,"showFlares":false,"showImageEffects":false,"showParticleSystems":false},"in2DMode":false,"pivot":{"x":-41.25,"y":0.7557038068771362,"z":-39.220001220703128},"rotation":{"x":-0.21659089624881745,"y":0.16081400215625764,"z":-0.03619658574461937,"w":-0.9622496962547302},"size":7.217774391174316,"orthographic":true}