{"cameraMode":{"drawMode":0,"name":"Shaded","section":"Shading Mode"},"sceneLighting":false,"audioPlay":false,"sceneViewState":{"showFog":false,"showMaterialUpdate":false,"showSkybox":false,"showFlares":false,"showImageEffects":false,"showParticleSystems":false},"in2DMode":false,"pivot":{"x":-11.564841270446778,"y":1.6600000858306885,"z":30.761152267456056},"rotation":{"x":0.19451867043972016,"y":0.6975498795509338,"z":-0.20618246495723725,"w":0.6580871343612671},"size":7.58577299118042,"orthographic":true}