{"cameraMode":{"drawMode":0,"name":"Shaded","section":"Shading Mode"},"sceneLighting":false,"audioPlay":false,"sceneViewState":{"showFog":false,"showMaterialUpdate":false,"showSkybox":false,"showFlares":false,"showImageEffects":false,"showParticleSystems":false},"in2DMode":false,"pivot":{"x":10.38066291809082,"y":5.340787410736084,"z":9.468549728393555},"rotation":{"x":0.21138407289981843,"y":0.14453567564487458,"z":-0.031623393297195438,"w":0.9661405682563782},"size":13.140049934387207,"orthographic":false}