{"cameraMode":{"drawMode":0,"name":"Shaded","section":"Shading Mode"},"sceneLighting":false,"audioPlay":false,"sceneViewState":{"showFog":false,"showMaterialUpdate":false,"showSkybox":false,"showFlares":false,"showImageEffects":false,"showParticleSystems":false},"in2DMode":false,"pivot":{"x":14.588948249816895,"y":2.1039271354675295,"z":22.47820472717285},"rotation":{"x":0.3151893615722656,"y":0.42805007100105288,"z":-0.1622919738292694,"w":0.8313198089599609},"size":10.771932601928711,"orthographic":true}