{"cameraMode":{"drawMode":0,"name":"Shaded","section":"Shading Mode"},"sceneLighting":false,"audioPlay":false,"sceneViewState":{"showFog":false,"showMaterialUpdate":false,"showSkybox":false,"showFlares":false,"showImageEffects":false,"showParticleSystems":false},"in2DMode":false,"pivot":{"x":-11.002029418945313,"y":1.788804292678833,"z":-25.018898010253908},"rotation":{"x":0.19451867043972016,"y":0.6975498795509338,"z":-0.20618246495723725,"w":0.6580871343612671},"size":14.645806312561036,"orthographic":true}